,ACTR3B,ANLN,BAG1,BCL2,BIRC5,BLVRA,CCNB1,CCNE1,CDC20,CDC6,NUF2,CDH3,CENPF,CEP55,CXXC5,EGFR,ERBB2,ESR1,EXO1,FGFR4,FOXA1,FOXC1,GPR160,GRB7,KIF2C,NDC80,KRT14,KRT17,KRT5,MAPT,MDM2,MELK,MIA,MKI67,MLPH,MMP11,MYBL2,MYC,NAT1,ORC6,PGR,PHGDH,PTTG1,RRM2,SFRP1,SLC39A6,TMEM45B,TYMS,UBE2C,UBE2T,PAM50
0,0.8121,-2.3945,-1.3461,-1.2152,-0.4477,-0.1063,-0.4026,-1.4527,-2.6631,0.2191,-1.6357,-5.1873,-2.3246,-2.1630000000000003,1.1972,-6.2764,1.9959,2.273,-0.3795,1.064,-0.1111,-3.738,1.4662,-0.9405,-1.8514,-1.7771,-6.6717,-6.3546,-5.9265,1.0483,1.5798,-0.2385,0.8099,-1.8164,2.1407,-4.63,0.525,0.2115,2.9875,0.1808,-0.4217,-4.9736,-2.1383,-1.4187,-4.1152,4.3368,1.9225500000000002,-0.6288,0.5993,-1.14,LumA
1,2.1088,3.1,-2.1653,-1.7849,1.2259,-0.9976,2.4479,2.4708,1.3445,1.6558,2.9981,1.482,3.389,2.408,-2.818,1.979,-1.6184,-7.2445,3.5038,-2.4031,-12.9946,6.9088,-2.7318,-2.9171,2.1069,1.9528,-6.5216,-0.1784,2.7205,-6.8578,1.1244,2.4673,-1.4108,3.1551,-12.6227,-3.8256,1.2664,3.6555,-4.4798,1.0377,-5.4723,-0.3164,2.6156,2.7519,2.5545,-2.9671,-5.7626,1.6063,1.5744,2.5475,Basal
2,-1.7567,0.1252,2.3103,-1.0638,-1.5415,-1.382,-3.0226,-2.2897,-0.18,-3.9807,-1.2294,-5.1837,-2.2915,-1.7071,-0.3213,-3.2304,1.2294,-0.5,-2.2862,-3.147,0.4137,-1.4324,0.0215,0.5782,-1.0966,-2.5708,7.9687,0.4845,-5.2156,0.4714,-0.1124,-1.6562,0.0114,-0.9603,2.7479,5.1116,-3.3246,2.5656,1.1668,-3.076,6.062,-4.228,-1.3611,-3.0675,-5.6948,-0.9732,7.2015,-2.7205,-1.0958,-2.3661,LumA
3,0.9554,1.1368,-0.568,-2.3695,0.935,0.4742,0.5331,1.328,0.6394,0.216,0.8173,4.1398,-0.727,0.7733,-1.1165,3.8323,-1.8823,-7.5982,-0.8774,-4.1716,-9.3386,0.8969,-4.1709,-2.6527,0.7371,0.8996,7.5346,7.8285,5.9006,-4.478,-1.3311,0.2526,0.4432,-0.654,-5.864,1.6753,0.4669,-1.0614,-2.2877,0.3558,-5.7817,1.5404,0.7889,-0.1398,-3.1952,-0.93,-3.8243,0.1802,1.3494,-0.1096,Basal
4,1.7797,2.6335,0.6886,-0.626,1.9677,-0.6331,3.1293,3.0898,2.8617,2.1273,3.2434,-5.525,3.5424,2.411,1.0808,3.3275,1.4014,-9.3183,1.085,-3.6818,-4.7603,5.1577,-1.5085,3.4942,2.5048,2.7907,7.5767,7.9053,0.5104,-4.195,-0.2767,2.5572,-0.1162,2.3173,-8.84,-1.5086,2.7204,0.5106,-2.0927,-0.6864,-5.4469,2.2834,3.0739,2.1254,-7.3423,-2.8209,-2.2993,2.8119,3.0335,1.9988,Basal
5,-1.6084,2.597,-1.1292,-3.6968,-0.5029,0.6432,-0.7106,0.8987,0.2932,-1.0145,-0.2347,3.796,-1.2018,0.3382,-2.3936,3.2060000000000004,-0.8145,-9.3714,-0.2532,2.6949,-0.0462,0.7125,-1.2171,2.0107,-1.2316,-1.1936,0.9494,3.127,3.789,-6.6706,0.3863,-0.7916,0.4581,-0.9991,-2.727,3.4089,0.2993,-2.0827,-2.2874,1.4975,-2.843,1.2391,0.2373,-0.1891,2.6180000000000003,-3.7292,2.1683,-1.2364,0.3654,-0.2426,Her2
6,0.8063,-0.7917,4.3564,1.2913,-0.3401,-0.2884,-0.9016,-2.0727,-0.9598,-1.7456,-0.6344,-3.3099,-0.7020000000000001,-0.3064,1.3742,-3.2188,-0.1233,0.6755,-0.8659,0.4932,1.5013,-1.7009999999999998,-0.4932,-1.3749,-0.3387,-0.5222,-6.3248,-3.9389,-9.0093,0.8072,0.0707,-1.0331,0.7024,-0.534,0.9065,3.2486,-0.6493,-0.5087,3.5755,-0.5226,4.0778,-3.9077,-0.3371,-0.9697,-7.5622,2.9425,2.7023,-0.6304,-0.5964,-0.6545,LumA
7,-1.139,-0.7628,3.2638,0.5345,0.0445,-0.2773,-0.3435,1.0081,-0.1681,0.4258,-0.4514,-3.1631,-0.1416,-0.6447,0.009,0.5479999999999999,7.3766,0.5739,-1.3934,-0.0155,0.157,0.8866,-0.3051,11.1408,0.1452,-0.8640000000000001,0.2765,-2.466,-3.645,-1.5624,0.0386,-1.6845,-0.0792,0.3699,0.5123,1.3985,0.0245,-0.1771,7.3439,-2.3519,7.0225,-1.1986,-1.4108,-0.1454,2.0358,2.5769,-1.6161,-0.0562,-1.3746,-0.4039,LumA
8,-0.5472,1.2683,-2.114,-1.6041,0.6033,1.0847,1.036,0.1823,0.6905,1.4077,-0.0564,1.992,1.6768,1.0058,1.5557,-0.5303,4.7614,0.6587,2.077,2.0507,1.3497,-0.1938,0.5035,7.2157,1.0475,-0.312,-0.2101,0.9735,1.3548,0.8806,0.0738,0.3785,-0.546,0.9564,0.53,0.0271,-0.357,0.3705,0.9446,-0.2252,6.4215,1.5477,1.0482,-0.0516,0.0892,2.5845,-0.052,-1.2013,0.3087,1.575,LumA
9,-0.3631,2.3125,-1.2797,-3.7791,2.0076,0.1308,1.943,4.5651,0.999,1.4052,0.3848,3.9995,3.3812,1.3734,0.5693,2.2925,7.3946,-10.5291,1.777,2.5927,-1.8506,0.2444,0.0872,10.2116,0.9864,0.6531,-6.1308,-2.7573,-1.6982,-2.8529,-0.0168,1.2009,-0.6456,1.7013,-2.8176,1.266,2.3361,1.2494,-3.7883,1.0503,-4.9237,1.4969,0.871,2.1974,2.3869,-1.8694,2.8236,0.2018,1.2523,0.2148,Her2
10,1.9124,-0.3288,0.0205,-1.4368,-0.4524,-0.3873,-0.4468,2.9314,0.6944,-1.7161,0.0187,3.448,-0.7434,-0.3852,-1.9974,1.3156,-1.1447,-6.371,-0.3846,-0.8815,-9.2528,3.1245,-5.8769,-0.7092,0.43,0.6219,4.7598,5.1373,0.0251,-4.592,-1.0892,0.6254,6.336,-0.24,-6.1486,3.099,0.2991,0.1278,-4.2114,1.4523,-0.6004,1.885,0.3225,-1.4134,3.7049,-2.7049,-4.8993,0.4942,0.0327,0.2596,Basal
11,-1.8428,1.0673,-0.7148,1.7733,-0.5356,0.7814,-0.4379,-0.2686,-0.9052,0.7738,-0.3751,0.2469,-0.0183,0.1192,1.1315,2.2889,0.2625,-0.7382,-0.4039,-0.9787,-1.0815,0.1899,-0.6657,5.4086,0.2032,-0.4553,2.1151,2.1163,2.9258,1.7352,1.6156,-0.2227,-0.2147,1.0759,0.6416,-0.0094,-0.5808,1.8798,-0.1453,0.5569,6.658,-1.3742,0.026,-0.9146,1.7611,-0.7619,1.3502,-1.1848,1.9183,-0.7594,LumA
12,3.1258,1.9397,1.1233,-1.6194,2.4016,-1.6459,1.261,2.8248,2.8239,1.6269999999999998,1.4881,2.8804,3.6164,2.3221,0.5937,2.6389,-1.4485,-4.6739,2.6426,-0.4042,-10.6723,5.0425,-1.9937,-0.7429,2.0836,1.8074,3.9411,4.2566,4.4918,-6.053,-0.6679,2.3025,2.6943,2.1648,-2.0087,-2.2009,2.9003,1.5336,-2.6097,2.4988,-4.5732,3.1634,1.1725,0.7301,3.1751,-1.4383,-5.2084,1.4837,2.1174,1.9428,Basal
13,-0.4742,-3.7504,-0.6051,2.0381,-2.9549,-1.3671,-1.6028,-1.9945,-1.8974,-1.7506,-1.874,1.8839,-2.7954,-3.1812,1.5559,1.1101,1.0966,3.3853,-2.938,-0.5381,1.5887,1.1922,1.3435,4.6361,-3.3081,0.2835,7.2067,7.7624,5.393,3.3292,0.1737,-1.9395,1.1722,-2.5589,0.6001,1.4904,-3.5177,0.5071,4.1108,0.9541,11.3074,-1.8771,-1.8781,-2.9911,4.2761,4.9286,1.39,-0.768,-2.6993,-2.769,LumA
14,-0.1281,0.4107,2.1781,-0.4187,-2.5127,0.957,-0.0535,-1.2516,-0.7837,-2.3488,-0.96825,-0.7006,-0.1072,-1.6757,1.7224,2.0028,-2.1578,-0.4125,-0.5529999999999999,-4.1062,0.0923,1.2463,-0.0258,-2.6687,-0.6956,0.8509,2.8349,1.8807,1.73,1.1828,0.7584,-0.7697,-0.2655,-1.3321,-0.9962,1.2548,-1.3466,-1.9118,8.0786,-0.4311,6.32,2.4403,0.8831,-0.1572,4.2486,0.3085,-3.6098,-1.2678,-0.297,-0.4901,LumA
15,-1.1375,-1.2968,2.326,2.5596,1.0589,-0.3748,-0.6197,-1.3104,-2.1124,-2.8376,-2.0247,-2.3653,-1.2278,-1.3771,1.5508,-0.1682,1.1524,3.8068,-2.3385,2.0132,4.03,0.3676,-0.2205,3.8344,-2.0002,-0.8197,-6.5755,-7.0189,-6.4468,1.0649,-0.0562,-0.6248,2.063,-0.2179,3.0364,0.1,-2.4751,-0.4291,-2.4948,-2.3485,-0.918,-1.7458,-1.4014,-1.2158,-5.9233,6.9544,-2.4739,-0.4531,-1.3156,-0.7286,LumA
16,1.704,1.4627,-0.7757,-2.8232,0.9724,-1.0172,1.1832,3.1155,1.9894,1.7707,2.8278,2.9411,2.268,1.7871,-3.3644,3.3546,0.3238,-5.1486,3.2701,-0.5455,-4.171,6.8004,-2.6385,2.6529,2.1196,1.4671,2.9956,3.3613,4.2348,-4.9964,-0.757,3.7988,-0.7085,1.3374,-4.4866,1.9191,2.2655,0.835,-4.6724,2.838,-4.0439,1.9904,1.9685,1.624,2.5468,-3.3938,-4.396,2.1561,0.8533,0.9423,Basal
17,1.3637,2.176,0.2608,-3.0341,1.2346,-0.3647,0.1167,1.1204,2.3699,-0.1005,1.8715,4.2415,1.3224,0.862,-2.1617,4.5713,-1.2013,-9.0757,1.904,0.4845,-11.7416,5.1463,-3.1043,0.2938,0.7295,1.6015,-0.475,0.4771,-2.7110000000000003,-1.8342,0.0737,1.7325,2.6717,0.4132,-4.2982,-2.7386,0.8558,2.6044,-1.9888,0.732,-3.7562,1.4402,0.2572,0.0647,7.0983,-2.4521,-3.6307,1.6699,0.5923,1.0854,Basal
18,0.2639,-3.6704,3.1999,3.1043,-3.8169,-2.0183,-2.2864,-2.567,-3.3464,-3.5835,-3.4625,0.3,-2.9258,-2.74475,1.4434,0.0362,1.3264,0.4783,-2.6854,0.5663,-0.4984,0.1939999999999999,2.0933,4.8131,-3.5623,-3.1326,4.1615,4.709,3.2954,2.6082,0.4291,-3.4761,-0.4646,-2.3074,1.8222,-1.3902,-4.5535,-0.3871,8.3707,-5.1902,9.5589,-4.2313,-3.2906,-3.2967,2.5726,3.7181,0.2149,-2.8075,-3.7902,-1.357,LumA
19,-0.0261,2.1216,-0.8597,-0.7558,0.2576,-0.4391,1.3330000000000002,1.1897,2.0753,7.4979,1.211,1.5543,2.8948,1.3402,0.1038,-0.8995,8.5834,-1.7069,0.5809,0.8256,0.2278,-2.812,-0.0856,11.3534,1.4240000000000002,1.5683,-2.4019,-0.0753,-1.3541,0.1087,-1.2571,2.1762,-0.3817,2.3069,-1.1315,3.8723,1.1427,-1.3122,3.3603,0.1406,5.4023,-0.9886,1.0212,1.3644,-5.4509,-1.7412,1.3082,0.0139999999999999,0.7328,2.3668,Her2
20,-0.4589999999999999,-1.6265,0.5035,1.0446,-2.1522,-0.6983,-1.3182,-2.2144,-1.8451,-2.1983,-1.5548,-5.8286,-1.0619,-1.7655,1.1581,-0.3004,0.3564,3.0956,-1.4407,-4.0121,1.1897,-1.5751,2.5004,-1.7827,-2.2812,-0.6552,-12.4414,-10.3662,-8.4358,3.8402,0.8603,-2.1678,1.1855,-1.4084,0.5227,4.274,-3.4909,-3.6792,8.0818,-3.6101,8.7788,-1.9093,-2.0132,-1.3566,-3.4711,3.5389,1.5596,-1.8841,-2.8329,-1.1519,LumA
21,0.0093,1.6244,0.514,-2.5589,1.9502,-0.7929,1.7347,2.4421,2.7136,1.7724,3.3784,4.8532,1.1139,2.0549,0.9672,3.7266,-1.1134,-7.5964,1.3219999999999998,0.2402,-7.3034,0.8388,-1.4129,0.0951,2.2027,3.9297,6.1251,1.2819,4.3528,-3.7706,0.1136,1.4174,-0.1426,1.3723,-5.9956,-2.8005,1.9254,1.7707,-2.6147,1.6649,-8.8803,0.0836,1.9939,1.7022,-1.6493,-1.366,-2.0202,2.3728,2.8166,0.5505,Basal
22,-0.1795,-0.2419,0.0352,-4.2793,-0.3635,1.0854,0.5748,0.1214,0.8139,-0.7024,-1.0999,-0.1079,-0.7639,-0.5895,-0.9909,2.2,0.6009,-10.6354,0.1043,3.8072,-0.2908,-1.0671,-1.801,-1.0067,0.0338,-0.4056,7.433,-3.0478,-2.1454,-2.5831,-0.1664,0.1716,-0.0057,-0.5638,1.2643,2.6467,0.1416,-2.5517,-1.4547,0.518,-4.0529,-0.1451,-0.8384,1.0933,-2.4218,-1.3208,4.0594,-0.8357,-0.1466,-0.3473,Her2
23,-1.9026,0.0175,-0.9034,-3.8815,0.1002,0.7659,-0.6464,-0.0741,0.2008,-0.3042,-2.1435,-1.3093,-2.0294,-0.8793,0.8256,2.9560000000000004,-0.2433,-8.3294,-1.29,5.3305,1.2163,-0.6774,0.1906,1.9905,-0.5712,-2.1485,-1.8928,-0.2747,0.6031,-1.5015,0.091,-1.4386,0.0251,-0.291,0.9732,-0.7842,-0.265,-0.5693,-2.8875,-0.3282,-3.4607,-0.2479,-0.5548,0.3567,-2.5423,-3.26,4.6892,-1.8346,-1.1085,-1.6808,Her2
24,1.1552,-2.1211,-1.0463,0.7772,-4.1408,-1.3131,-1.8716,-1.6619,-5.1218,-2.7894,-1.534,-6.1266,-2.2765,-2.4966,-0.6394,-1.5821,-0.7735,3.8654,-2.5842,-7.9672,1.3071,-0.215,1.108,-1.94475,-3.9069,-2.1887,-4.5622,-5.0202,-2.055,2.1677,1.3413,-3.0446,-3.5813,-2.7044,-0.6813,-2.4111,-7.3242,-2.0883,6.1082,-3.012,6.2942,-3.8722,-3.1733,-2.5045,0.1121,2.0685,0.2793,-1.3374,-4.6486,-1.8671,LumA
25,0.484,1.2711,-1.5198,0.307,1.6021,-0.627,2.3928,1.1263,1.6842,0.8364,2.5733,-1.6373,2.1482,2.3154,0.5366,-2.971,-0.1173,0.6461,1.8855,-1.1876,0.1421,-3.1218,-0.6282,-0.6179,1.0732,2.4076,8.6849,-3.221,-4.3646,1.5084,-0.4309,2.3227,-0.8490000000000001,2.1522,-0.156,2.1607,2.2686,3.3710000000000004,1.2854,0.4781,6.7125,-3.8553,2.1793,1.0758,-4.4343,2.2786,-1.2861,1.2967,2.1630000000000003,2.8773,LumB
26,-0.5837,-1.7453,1.7756,1.9412,-1.2754,2.0281,1.7078,-1.6045,-1.7329,-1.7824,-0.6445,-3.2553,0.596,-0.996,-0.9858,0.3159,-0.0104,3.0403,-1.0738,-5.138,1.7371,-1.0257,1.7697,3.9472,-1.9156,-0.8490000000000001,-2.3157,-0.9163,-1.6339,3.1745,0.155,-1.3196,-1.286,-1.0274,1.6074,4.5519,-2.3492,-3.7306,8.3709,-3.6476,7.0471,-2.5692,-2.2063,-0.6117,-0.8021,5.4843,1.9967,-0.9827,-1.8238,-0.7855,LumA
27,0.2821,-0.0417,-0.1627,0.3586,-1.9334,0.9703,-0.4269,-0.7463,-0.4518,2.185,-0.7003,-1.1471,-0.7837,-0.2478,-1.0531,-0.1267,-1.0604,0.6553,-1.3292,-7.2751,-0.1386,2.5247,-0.7672,-1.4203,-0.3807,-0.4173,10.5521,11.1472,5.7308,2.5501,0.7493,-0.0715,-0.612,-0.3932,-0.7283,3.4925,-0.142,2.8576,-3.3847,2.4614,7.1592,-0.6606,-0.4375,-1.3307,1.0503,1.1595,4.573,-0.001,-0.7039,-1.0507,LumA
28,0.0086,0.5933,0.6748,3.5583,0.4533,1.034,-0.7206,0.7217,-0.1911,0.5543,0.976,-0.8437,1.7178,1.0416,1.4184,-2.8909,-0.0737,2.1831,0.6216,-0.2355,0.3682,-1.3036,3.2901,-0.4625,1.0275,0.8889,6.4759,-1.4407,-1.6488,-5.0484,2.2933,0.1375,0.1481,-0.4644,2.1939,-5.226,0.1172,1.7364,-0.976,0.6888,-1.3143,-5.4041,0.4113,0.3224,-1.3838,5.5891,-6.0406,1.1482,0.6758,1.0293,LumB
29,-1.3974,1.7338,1.0562,-0.6908,2.6707,1.7734,2.2089,-0.118,1.2061,0.1646,2.205,-3.3365,1.92,1.4011,1.2158,-3.7226,-0.8692,-0.1483,1.4736,-1.2819999999999998,0.5728,-2.1421,0.3678,-1.9635,1.0908,1.6162,-4.1263,-2.3672,-4.1451,0.1792,0.9043,1.596,0.6833,2.2164,1.2238,0.3734,2.9705,1.4834,4.9012,0.3754,6.1964,-1.8444,2.4148,1.3588,-4.3305,6.3366,-1.7784,1.4316,2.9002,2.4844,LumB
30,1.8748,1.5275,0.2569,-2.031,2.7262,-0.4028,2.5216,1.8816,2.7021,0.3453,1.6278,2.1928,0.4942,1.5487,0.8306,-0.1697,-1.0839,-4.2161,1.1142,0.38,-7.792000000000001,2.6738,-1.8867,-0.6755,2.3662,2.063,-1.533,-3.1096,-1.3291,-4.2368,-0.7216,1.3223,1.8032,-0.2687,-4.2161,-1.1701,1.9002,1.7025,-1.382,1.1093,-6.0334,2.6577,1.9869,1.4252,2.5945,-0.9292,-5.1456,2.0588,1.6814,1.4338,Basal
31,2.0662,-0.3922,-0.2564,0.6255,0.8284,-0.1335,1.5066,1.3451,2.4378,0.2767,0.8481,1.2433,0.6195,0.6467,-2.5908,0.8733,-1.165,-3.4106,0.8163,0.1653,-5.7241,2.6555,-3.2754,0.3549,2.02615,2.0489,-2.8021,0.5451,3.1847,-3.0613,-0.6711,-0.5562,-0.1228,0.7509,-6.5685,-0.1971,0.7373,0.6368,-4.1265,0.7012,-2.9253,2.5603,0.6691,-0.3982,4.3809,-1.2159,-4.68415,1.5842,0.9873,1.2737,Basal
32,0.9888,1.9683,-0.074,-2.899,-0.4792,-2.3265,0.348,0.6781,0.9632,0.9568,1.5804,1.4106,1.4192,2.1830000000000003,-3.4113,1.4508,-2.4782,-7.8987,1.398,-3.9005,-8.0377,5.5055,-0.8249,-2.3809,1.5075,2.3289,4.1571,4.4558,4.1866,-2.9837,-0.2614,2.016,-1.9141,1.5265,-6.8849,-0.4923,-0.3126,0.8369,-3.4188,0.412,-2.395,-0.5826,1.2416,0.8906,3.3474,-0.6591,-2.9527,0.835,1.3318,1.5454,Basal
33,-0.6069,0.2688,-2.2245,-3.7488,-0.20135,0.7217,-0.5196,4.222,1.6272,-0.2988,-1.3949,3.4824,-0.9646,-0.0135,-0.0433,3.4745,0.4604,-6.5642,-0.2246,3.4930000000000003,-0.4904,-0.7744,0.474,0.5579,0.3119,0.2441,-5.2521,-1.4376,6.1892,-3.0614,-1.7084,0.7390000000000001,-0.298,0.8065,-0.222,1.9274,1.7734,-0.067,-4.5919,0.4832,-4.5814,2.4847,-0.3564,0.6681,-6.8549,-2.0047,3.6511,-1.0539,0.7179,-0.6429,Her2
34,-1.0602,-3.1701,2.8057,2.0106,-2.783,-0.2444,-1.3758,-1.7954,-5.0747,0.4178,-2.6784,-5.1247,-1.7305,-2.357,2.0933,-3.7597,0.2025,2.7453,-1.7745,-1.9856,0.5185,-0.6772,1.3968,-0.32165,-3.5853,-2.5956,-1.482,7.0696,-1.9577,0.5943,3.7495,-1.9128,-1.0286,-3.5535,1.2697,-1.4898,-3.0739,-0.1743,3.0941,-3.0780000000000003,5.4525,-2.7558,-2.5946,-2.3386,-0.9489,5.7554,0.4883,-1.5766,-3.0714,-1.0362,LumA
35,0.0231,-2.4205,2.6319,2.5702,-3.0178,0.0072,-1.9869,-2.9469,-2.3091,-0.6115,-1.9359,0.1524,-2.0763,-2.1851,0.6988,-1.4347,-0.0191,3.5169,-2.2831,-4.0742,0.5675,0.0031,1.6277,-1.2438,-2.4132,-1.9148,-0.2094,-0.2253,-0.7490000000000001,3.4191,0.7175,-2.5281,1.7499,-1.7247,1.9414,-3.6928,-4.2667,-1.5493,3.3793,-3.8828,9.6312,0.7496,-2.5363,-1.4308,0.4799,4.5360000000000005,0.0061,-1.17395,-3.0125,-0.8987,LumA
36,-0.3462,-1.5941,2.2298,1.0994,-3.4614,3.1273,-1.9226,-1.9781,-3.6323,-1.25,-1.986,-1.0788,-1.6942,-1.9418,3.1604,1.9045,-1.1908,-0.3303,-2.0704,-5.057,1.7523,2.7135,0.6958,-1.6551,-3.4184,-1.4297,2.4717,6.836,2.9943,-1.9883,0.4808,-1.9007,-0.4832,-2.9507,-0.4305,1.4375,-4.5613,-0.634,0.0757,-3.3291,5.4436,-0.8149,-1.9915,-1.951,4.2752,5.4787,-2.1977,-1.4099,-2.8406,-0.9659,LumA
37,1.7376,0.3012,-0.8937,-2.0631,1.8373,-0.318,0.3095,5.0447,1.5742,-0.0474,2.4892,1.8333,2.43,1.6843,-2.9903,0.5259,0.2647,-8.5785,0.5225,3.6064,-11.6583,3.233,-2.6551,-2.6684,1.393,1.9691,-6.7994,1.3321,2.4089,-6.4777,-0.239,2.5699,-0.0042,1.3408,-6.479,-1.0529,2.0634,-0.1655,-4.246,2.4781,-4.2998,0.4796,1.9703,1.3718,-2.8736,-1.5022,-3.337,2.6951,2.9685,1.3442,Basal
38,1.5055,0.5069,0.0651,-2.6703,1.382,-1.0665,0.9094,3.069,1.449,0.1086,1.2712,1.0733,0.4956,0.1963,-1.692,0.2118,0.957,-6.1233,1.1353,0.7248,-5.8929,2.0331,-4.92,0.7034,1.35,0.7936,4.5043,4.6976,0.0005,-2.161,-1.2114,0.9078,2.6449,1.3289,-4.9084,0.7399,1.895,0.6685,-2.7408,0.9668,-3.6753,1.9831,1.2735,0.6251,-0.1331,-2.8458,-1.6687,1.0416,2.3904,1.4674,Basal
39,-0.0908,0.1005,-0.0723,1.8547,-0.7662,-0.2515,1.1526,-2.0351,-1.193,-0.3511,-0.4071,-5.121,0.4371,-0.6135,2.0845,-3.1894,-0.9899,3.2388,0.0327,-1.9977,1.8327,-1.0935,-0.0407,1.5285,-1.7529,0.2058,-4.8065,-5.89,-5.1738,3.1899,-0.3712,-0.768,4.8206,0.1962,0.698,-0.2385,-2.546,1.8525,-1.0582,-0.3929999999999999,8.0203,-0.0942,0.9275,0.5732,-3.7869,2.7125,0.7070000000000001,-1.0588,-0.6513,1.4617,LumA
40,-0.8592,-6.8304,-0.5601,1.5267,-5.1916,-0.5849,-3.7923,-3.5411,-4.4874,-4.4146,-3.8031,-5.3698,-3.5148,-5.0044,-1.6532,3.7683,-0.4885,3.4681,-4.0401,-3.8524,-0.8829,3.0402,2.5483,3.1563,-5.5216,-3.0069,9.1301,9.7024,-0.4219,1.7804,1.3552,-3.8988,1.1840000000000002,-4.7133,0.9016,-6.4186,-6.3407,1.665,1.1846,-5.5245,6.7906,3.6026,-5.6023,-4.68,5.8236,-0.7024,1.396,-2.75075,-5.0681,-3.4589,LumA
41,-0.4252,0.0869,1.7592,2.1816,-0.4589,0.0497,0.2193,-0.5321,-1.8682,-0.6387,0.2317,-0.6471,0.968,-0.0473,2.8853,-2.1113,1.9446,0.193,0.7316,-1.1437,0.3981,-1.7916,-0.2102,0.3902,-2.0925,-0.7467,-1.0703,12.3006,1.0568,-0.8643,0.142,0.0059,1.0964,0.4148,2.9313,2.486,0.7658,0.3471,6.5049,-1.7966,1.2963,-2.2262,-0.5105,0.5797,-0.7841,2.8722,-0.738,-1.6447,-0.5601,0.7748,LumA
42,-1.2086,0.7239,0.3314,0.3141,-0.3716,2.155,-0.2969,0.7629,-1.8174,-1.0157,-0.8244,0.5056,1.2552,-0.7749,1.9377,-0.138,-0.1009,0.1934,2.37,3.9937,1.28,-0.8782,-0.9104,-2.35835,-0.6963,-0.4722,-2.9095,-1.4601,-1.3493,1.3192,0.6974,-1.8037,0.5114,-1.3711,-0.1859,4.9273,-0.7968,-2.2527,6.1791,-0.7561,8.3525,-4.4592,-0.1946,-0.2636,-1.8513,-0.8976,-0.6604,-0.1091,-0.9376,1.5142,LumA
43,-1.6226,-1.2212,-1.8891,1.027,-0.2461,0.7168,-0.4504,-1.1987,-0.9813,-0.6465,-0.9757,-3.0684,0.0767,-1.0877,2.5592,-3.3942,0.5456,4.071000000000001,0.1147,-1.9631,1.1555,-2.0529,2.2968,0.5373,-2.1958,-1.8298,12.0009,-3.6602,-4.1794,1.8255,0.5532,-0.7496,1.4112,-1.561,-1.0014,2.4689,-1.2604,-0.7085,8.2898,-1.6764,6.073,-4.3346,-0.7319,-0.4105,-3.6982,2.8505,-1.8327,-2.0867,-0.9501,-0.5997,LumA
44,0.5461,3.1416,-1.2321,-2.8331,1.7181,-2.4659,1.8014,3.6957,2.8135,0.3876,3.0245,4.0999,2.2771,1.975,-2.8704,1.5108,-0.2467,-6.926,1.5093,1.275,-8.7132,4.16,-0.6942,1.7637,1.971,1.663,5.5372,5.8529,3.7878,-3.4653,-0.2607,2.9056,-0.6467,1.4713,-8.2675,-1.7059,1.8418,3.0337,-5.2056,1.8007,-5.0191,2.5689,1.4514,1.1647,4.4024,-1.9668,-4.29005,0.6957,2.1853,1.6868,Basal
45,-0.8461,1.2802,-2.4838,-2.7347,-1.096,0.1373,0.3742,1.2295,-1.2998,-1.062,-0.004,-1.5445,-0.1203,-0.5979,-2.2929,3.2242,-2.6311,-8.5226,0.9618,-2.1998,0.3303,0.589,-0.1201,-0.3162,-1.7351,0.4405,-7.2309,-5.1973,-1.4203,-2.9014,1.0288,0.6759999999999999,-3.0703,-0.9247,0.1786,-1.2376,-2.5631,-2.774,-2.6577,1.1786,-2.349,-3.6078,-0.3508,2.5399,-3.7071,-1.7089,3.1949,-0.0037,-1.0901,-0.1116,Her2
46,0.6246,0.1168,-0.4269,4.2254,0.5716,-0.0296,-1.4986,-0.0598,-0.7686,0.9073,0.3256,1.6347,1.1061,0.1,0.6079,0.6011,2.624,3.0813,-0.2958,-2.9088,0.4382,0.8631,0.8478,2.2483,-0.2429,-0.4191,2.898,10.0941,3.7531,2.5574,0.4238,0.5644,1.4777,0.5128,-0.2951,-3.8368,-1.1669,1.882,1.7057,-0.2418,0.9863,-1.3344,-0.3365,0.557,0.6984,3.6942,-1.2043,1.0041,-0.3707,-0.3142,LumA
47,-1.6121,0.9988,-0.1433,-1.6303,1.9211,0.3483,1.4156,1.0697,1.0967,4.3458,1.1436,1.8741,1.0613,1.6169,1.3731,-1.8619,6.8988,-6.0779,-0.085,2.1818,0.3182,-0.9885,2.2962,9.653,0.9642,1.2486,-2.7503,8.4745,3.5726,-1.6030000000000002,-0.7216,2.094,-0.0733,0.1575,-1.2077,3.7159,0.6814,-0.4117,0.7639,-1.6848,-4.9157,0.7612,1.2496,1.5636,-2.6206,0.4605,3.6288,-0.2572,0.546,0.8473,Her2
48,1.0334,2.6136,-1.9477,-2.6754,0.5258,-1.8229,1.0749,2.0174,1.0768,1.2857,2.5024,0.4001,2.0807,2.7719,-2.3194,3.5899,-2.2106,-6.7134,1.8541,-4.0203,-7.3298,4.3998,-2.3967,-2.0092,1.8078,1.4481,-0.0823,4.1057,4.4301,-5.8581,0.118,1.8326,-2.6158,2.072,-7.0166,-1.7326,-0.3833,-1.6411,-3.1676,2.9365,-2.1829,0.0287,2.5603,2.4783,2.3293,-1.875,-5.8914,0.765,0.4395,1.3839,Basal
49,-0.177,-0.2844,4.3043,1.6278,-0.283,1.2461,-0.4029999999999999,-0.8186,-0.4191,0.0875,-0.7628,-2.8382,-0.215,-0.4975,0.7062,-5.5664,-0.9204,1.6673,0.1669999999999999,-6.73,2.0267,4.9853,0.8958,-1.2385,-0.1026,-0.1112,-7.2828,-9.3825,-11.4937,0.0154,0.2934,0.166,2.5156,1.1245,3.8339,-3.2663,-1.7309,-2.5082,4.4564,-0.6971,6.6483,1.4447,-0.5296,0.1624,-3.2176,0.9759,1.13,0.8379,-0.2247,-0.3642,LumA
50,-0.6226,-0.2219,0.8540000000000001,1.2603,-1.0407,-0.2087,-0.3088,1.8833,-0.5351,-0.3781,-0.356,-0.0465,-1.5224,-0.5727,1.624,-1.3217,1.727,1.6206,-0.0931,8.0594,-0.5981,1.027,0.7349,4.7646,-1.1456,-1.632,-11.4803,-6.3277,-11.9207,1.2126,2.2045,0.7028,0.9303,0.3918,1.0068,2.9003,1.9813,-0.3712,0.648,1.4616,-2.7864,-5.5478,-1.3435,1.7909,-1.8719,0.6504,-3.409,0.2861,-0.7391,-0.2615,LumA
51,-1.0274,0.4489,0.603,0.6028,0.9853,-1.5165,0.1208,-1.2933,-0.4016,-0.0673,1.807,-6.4165,1.2665,1.072,1.8825,-2.6895,-0.142,3.1539,0.1562,6.7397,1.5681,-3.3908,1.641,3.7064,0.3901,0.774,-6.4355,-3.6788,-6.1347,4.4284,0.8466,-0.0709,1.8164,1.0899,2.0344,-5.4575,-1.5131,0.1528,-0.5402,-2.2744,-3.0931,-3.5239,0.7768,-0.6633,-0.7040000000000001,-0.1094,2.6649,0.9578,0.5672,1.6411,LumB
52,-0.5791,-1.1947,1.7865,0.637,-0.0883,0.9587,0.022,0.1659,0.2252,-0.8589,-0.6224,-2.1722,-0.6231,-1.3164,-0.1889,-2.9232,0.7766,1.606,-0.4162,-1.3799,0.0865,-1.0608,-1.3730000000000002,-0.1493,-0.3893,-0.414,-0.1648,0.6425,-0.0489,0.6445,-0.8332,-0.0849,2.367,-0.3132,2.1195,2.4596,0.3619,-2.3012,1.9781,-0.1222,-1.2631,-0.2871,0.2592,-0.1273,-3.5615,2.0223,0.8337,-0.1497,-0.4558,-0.1625,LumA
53,1.6102,1.1905,0.3441,-0.119,1.0373,0.3483,1.5256,5.0284,2.3742,1.1878,2.125,3.9059,1.5847,1.0614,2.1926,1.0373,-0.1896,-5.1957,1.3812,0.8121,-7.754,2.4498,-2.6689,-0.2579,1.6606,2.6029,-1.5966,-1.7272,2.9331,-6.7065,-0.9889,2.2016,0.3046,1.3613,-6.7703,0.1007,2.3196,2.5736,-3.9236,2.1812,-4.8005,2.5214,1.2603,1.4727,1.1943,-2.6343,-4.6444,1.4935,3.2124,0.4809,Basal
54,-0.9858,1.9695,-2.4499,-3.879,-1.4719,0.4549,-0.6167,0.0763,0.1497,8.3682,1.6574,-0.1476,1.4475,0.2583,-0.6722,-1.031,8.472999999999999,-8.3676,1.5265,4.5708,-0.1507,-1.3899,1.0786,11.5334,1.0136,1.1636,-3.8779,0.2738,-0.5004,-6.3227,-1.329,1.0059,-1.9025,0.3168,-0.8164,3.6704,-0.4427,-1.8022,-3.6146,0.243,-3.0581,-0.7844,0.4336,0.9314,0.3414,-2.9138,5.2523,-0.6747,0.5688,1.4623,Her2
55,2.8853,2.0305,-1.2658,-2.0503,-0.1489,0.5364,0.5634,1.3081,2.1266,0.7427,-0.7099,3.0905,0.0808,0.81585,-1.132,1.7609,9.9958,-9.32,-0.4144,6.65,0.1959,0.4878,-0.214,13.203,0.731,0.44,2.774,3.4158,4.2842,-4.5878,-0.618,0.1003,-0.3388,1.1971,0.1349,-4.0876,1.3549,-1.5667,-3.2343,1.1094,-4.348,3.9856,0.0339,0.7245,1.1755,-2.7097,3.7967,-0.0546,0.5028,-0.0898,Her2
56,0.1537,0.1749,-0.9358,-2.4914,-0.795,0.2427,1.5392,0.7665,0.4628,0.561,0.6825,3.6125,-0.2717,0.3862,-2.3042,0.6875,-0.3219,-8.417,1.1555,5.546,-2.211,1.4934,-1.7904,-3.1967,0.2815,0.0551,6.5683,-1.1057,-3.9718,-1.8332,-0.7382,0.8132,-0.7452,0.4836,-2.2351,2.885,0.9704,-1.1275,-3.4479,1.0032,-1.2348,1.7323,1.2345,0.5815,1.6929,-1.3043,-7.2576,-1.2413,0.3613,-0.1473,Basal
57,-0.3633,1.2883,-0.9107,0.6827,0.5331,1.5455,1.0305,-0.2386,1.2711,0.6872,2.8798,-3.276,2.1746,1.8824,2.5367,-2.5891,-0.7572,1.2236,2.4307,-4.1938,1.4554,-2.1525,0.4725,-1.0701,1.3402,1.3598,8.8532,-3.3568,-5.1773,3.4405,1.2347,1.5392,0.1934,1.6446,0.8828,3.7554,2.2302,-0.6024,6.117999999999999,1.7094,8.9167,-2.2808,0.8851,1.1093,-5.5669,3.1106,-2.8679,1.3325,1.5538,1.6407,LumB
58,-0.0554,-0.2852,0.2567,1.8394,-0.7734,1.1228,-0.2239999999999999,-1.2472,-0.4107,2.0642,0.672,-3.5621,0.3353,-0.0355,-1.5353,-5.1778,0.8039,4.2378,0.2889,-3.9907,2.0201,-3.3021,1.7472,4.2939,-0.4853,0.349,-1.0426,-0.4947,-2.1858,3.194,0.9729,-0.375,1.3486,1.4939,1.8456,-4.9688,-1.5641,0.4913,5.111000000000001,-3.2269,9.2843,0.8297,-0.2894,0.1932,-2.481,5.7707,-2.7044,-0.4001,-0.7681,-0.0066,LumA
59,-0.887,-1.8227,-0.5138,1.4752,1.7175,-1.8498,0.8108,-0.2684,-0.7618,2.2822,-0.4382,-5.6621,-1.1918,-0.9791,1.0438,-2.6516,1.6498,2.7127,-0.77,-3.1933,0.2517,-2.3931,0.498,0.1996500000000001,-0.7171,-0.5803,-8.81505,-13.8318,-10.0619,1.1663,0.2896,-1.0069,4.0864,0.0248,1.1192,-4.8325,-1.1787,0.8245,-4.2905,-0.3392,-2.4416,0.1971,-1.0938,-0.412,-3.6992,-1.5783,-4.5582,-1.0274,-1.6596,-1.0941,LumA
60,0.2824,-1.6456,1.7648,2.4688,0.0373,-0.8882,1.0366,-1.9289,-1.4069999999999998,0.5929,0.0175,-4.4215,-0.1698,-0.6155,1.2993,-5.4631,-0.0434,3.1626,0.0221,-3.6206,0.7472,-2.6157,0.2253,0.6005,0.0496,0.1466,-2.3406,7.8527,-2.6588,4.6901,2.0102,-0.5192,2.1516,-0.5872,0.4807,-1.6888,-0.7132,1.9755,2.7619,-1.4909,3.7039,0.6414,0.2976,-1.7443,-5.0341,4.1919,-2.7916,1.6744,-0.3229,0.7071,LumB
61,-0.5117,-0.6777,0.5087,-0.4511,-1.609,0.1367,-0.0033,-1.9478,-0.6375,1.9004,-0.2605,-1.4737,-0.8065,-0.5474,-1.1821,0.9395,2.1516,3.5437,0.6238,2.1674,0.4483,0.0774,1.508,0.4416,-0.9629,-2.7353,-2.6467,-2.6604,-2.5893,0.6709999999999999,1.1471,1.167,-0.2993,0.0561,1.29,0.6708,0.6757,-3.4719,2.546,1.6522,4.3185,2.3299,-0.5156,-0.4013,-0.8091,0.8997,0.9735,-2.7411,0.4263,-0.1379,LumA
62,-1.4073,-2.9473,-1.9531,1.7674,-1.5049,-0.6147,-1.8597,-0.0026,-2.4287,-2.0556,-2.5725,-3.2486,-2.0381,-2.3048,-2.3401,-4.8268,1.6829,2.2904,-2.6814,-2.8869,-0.0765,-2.1281,-0.4603,0.4488,-2.3418,-1.6043,8.2374,-5.8907,-11.8308,2.9167,2.8829,-2.6827,0.0837,-1.0181,1.7374,-1.4544,-1.5964,0.2189999999999999,-1.3708,-2.1595,0.5734,-3.9337,-2.26,-2.5465,-7.0119,2.6005,2.1642,-0.3975,-2.35,-2.9909,LumA
63,2.2472,1.5642,0.1878,-3.2562,-0.052,0.0035,0.427,1.629,1.1991,-0.3874,1.2687,2.6897,0.1514,0.8203,-1.8757,1.5955,-0.7193,-8.9167,1.899,0.9615,-10.1869,4.885,-5.0306,-0.8325,1.3182,1.5022,7.2899,7.6738,-1.2324,-5.5957,-0.8101,0.3668,4.349,1.6072,-4.7256,-1.3533,0.9214,0.4523,-3.2114,1.1262,-4.9944,2.3198,1.3011,0.9506,6.245,-3.5818,-5.566000000000001,1.2015,1.1459,0.5764,Basal
64,0.2117,1.6598,-3.5127,-1.3427,3.6048,0.7418,1.0453,-0.3724,0.6395,-0.7088,0.0244,-1.0952,0.7744,0.7967,-1.7732,1.0758,8.9472,-10.1013,1.3421,4.2086,0.6552,-0.2822,5.6872,12.199000000000002,0.9842,1.2334,-7.33,-7.337999999999999,-6.2456,-2.7882,-1.2497,0.6485,-0.7106,0.9192,-1.8879,-1.9209,2.4319,-2.8975,-4.5509,0.7319,-4.9175,1.5098,0.8385,1.5229,0.3116,-0.0129,4.2111,0.1644,1.6634,0.4189,Her2
65,-0.3525,1.1346,0.0377,2.2214,1.4724,-1.1458,1.0698,4.007,1.9759,0.7685,2.1847,3.1426,3.3308,1.4003,-0.286,3.0838,-1.5504,-4.5647,1.5735,-2.0515,-5.0942,3.4516,-1.1165,-1.3559,2.3185,1.7965,5.3266,5.7274,6.5067,-4.5285,-0.2745,1.3559,3.3625,2.2829,-9.2355,-1.4086,-1.2035,3.2823,-3.8193,1.4578,-2.5729,2.6942,1.0574,0.7784,2.8332,-3.4203,-6.3212,1.538,-0.0306,1.2781,Basal
66,-0.3573,-0.1113,1.7397,3.9625,2.153,0.9864,0.3751,0.3975,0.1348,-0.3907,1.62,-3.4626,1.1041,1.2784,2.5696,-1.284,-2.0103,3.2262,0.8224,-5.2986,-0.3393,-0.8116,-1.5404,-3.0102,0.1528,-0.0247,-1.7902,-1.2134,-1.0758,1.1506,1.9889,2.3244,1.3053,1.3737,0.6716,3.8787,2.426,-1.3209,4.7865,1.0554000000000001,6.4504,0.0659,0.506,0.5895,-1.6146,3.1904,-5.1059,0.0736,1.6315,0.8831,LumB
67,-2.0347,-0.6907,-0.2109,-1.8457,-0.5329,0.3394,-0.1758,0.3544,-1.1866,-0.3553,0.6783,-0.1075,-0.1663,0.7824,0.2111,-0.3847,-0.6095,1.9555,0.0755,0.8394,0.5143,-1.8478,2.2733,-1.696,-1.6761,0.1757,10.2661,10.8984,3.7434,0.6421,-0.2387,-1.4442,-1.8701,0.1484,1.3889,2.617,1.2583,-0.3062,6.0114,-2.9367,5.0971,-1.4936,0.2036,-0.1236,-0.8629,0.3339999999999999,1.494,-1.2393,0.3964,0.2568,LumA
68,0.5136,-2.6022,4.1477,1.7944,-1.5325,0.8861,-1.5593,-1.7124,-3.2369,-1.8885,-2.156,-4.9578,-3.1577,-1.6388,1.0757,-6.0694,-1.3449,1.2913,-2.6853,-1.1605,-0.3426,-1.0461,2.1304,-0.9405,-2.592,-1.5674,-5.9587,-6.2965,-7.3305,-1.7688,-0.1487,-2.416,1.006,-4.2823,-0.8387,-3.37,-4.2419,1.043,4.37,-2.1047,3.1212,-4.1391,-1.5044,-2.512,-2.9192,2.4609,-0.2542,-1.6921,-2.2254,-1.7056,LumA
69,1.1286,-2.4548,1.2229,0.0561,0.4677,0.9368,-0.3753,-0.9873,0.5448,0.3907,-0.377,-1.2999,-1.1454,-1.0778,1.8918,-3.2173,1.1923,0.3517,0.7119,1.2852,-0.3254,-1.4862,-2.1148,1.7261000000000002,-0.2345,-0.716,5.1369,-0.5272,-0.9797,0.9086,-0.2975,-0.8895,-0.0048,-0.8913,1.5498,1.2435,1.3084,0.4425,-2.3611,-0.5098,2.6015,1.0488,0.0364,-0.9868,-2.5622,0.6853,0.17155,-0.6475,0.1333,0.3368,LumA
70,0.9891,-0.6609999999999999,-2.0833,0.0605,2.6798,-1.5361,0.0103,-0.0467,0.9726,-0.8409,0.5893,-5.5063,1.3247,0.7231,1.0865,-3.0707,-2.8816,1.1727,0.8585,0.0199,0.5327,-2.0354,1.6908,-3.4351,1.0795,1.1433,-10.9584,-8.7386,-6.3916,1.8587,-0.081,0.1729,1.5006,1.4457,-1.2794,-6.2511,-0.0293,0.6782,1.1873,0.2483,-1.0592,1.283,1.6845,0.3966,-4.6882,0.1778,-5.0086,1.1701,1.2566,2.8905,LumB
71,-0.3903,-0.7862,1.4685,0.9403,-2.1073,2.2372,-1.1127,-2.0334,-1.6064,-2.6685,-0.7186,-3.4975,-0.812,-2.3214,1.1402,0.8449,0.1693,0.7566,-1.3544,-2.1577,1.2164,-1.0937,0.4242,2.7682,-1.8074,-1.3749,-2.1891,-2.127,-0.3261,1.863,-0.5654,-1.7353,6.1766,-2.2441,1.2174,0.0816,-3.3127,0.1928,4.723,-1.7153,7.1113,-2.0036,-1.7745,-1.6799,0.4229,-1.4437,2.5182,0.7334999999999999,-2.2711,-1.2375,LumA
72,-0.8758,2.197,0.0702,-3.2476,2.0931,0.1794,1.108,0.9723,0.4366,3.6838,1.3722,0.1059,1.6749,1.8929,0.5797,-1.272,2.2621,-0.1314,2.4155,0.9552,0.0601,-0.9616,2.0098,5.2489,1.6625,0.8341,0.0554,0.4039,0.1633,-7.8418,-0.2186,1.739,-1.6569,1.5258,-0.1812,-0.481,0.3478,-0.7257,-1.6165,0.7429,-3.3547,-1.1842,1.5791,2.3057,-1.8759,-1.5592,4.5724,0.4726,0.4806,1.3451,Her2
73,-0.2194,-0.8415,-0.2855,3.2334,-0.2906,-0.2221,0.1204,0.9933,-0.2124,-0.3419,0.2214,1.0767,-0.3456,-1.0825,2.0334,-0.7433,0.3538,1.9637,-0.5609,-2.197,-1.2278,-0.3021,-0.2778,-0.1796,-0.6567,-0.2783,9.4335,9.9031,1.4274,1.7392,1.4133,-1.4129,0.3407,-0.8535,-0.2309,1.2503,-0.7562,1.3812,-4.0221,-0.9113,6.8491,-1.4803,-0.738,-0.8349,-0.6301,5.4627,3.4247,0.2313,-0.7677,-0.6335,LumA
74,0.3764,-1.8456,0.6641,-0.2868,-3.8251,-2.7362,-1.8677,-1.816,-1.8981,-3.4112,-2.8013,-0.6059,-1.3962,-2.2406,-1.3397,-0.0697,-0.8453,2.7797,-1.4113,1.0719,1.6809,-0.5796,2.5313,-2.9591,-2.3762,-2.3636,-2.1911,-3.5392,-2.4858,1.1454,0.1141,-2.0216,-0.6007,-1.263,2.8934,-1.8873,-2.7742,-3.7237,4.843,-2.4313,-1.5731,0.1758,-1.8616,-1.0778,1.5552,-1.8986,0.6563,-2.4729,-2.7708,-1.9683,LumA
75,1.4257,0.4294,0.6079,-1.1527,1.2193,0.2837,1.9895,2.0981,2.045,0.3108,2.043,2.1526,1.3647,1.1589,-2.8701,-0.9712,-2.1324,-4.7663,2.9088,-0.201,-6.7944,3.3989,-4.2015,-0.4847,1.6861,1.3623,-0.034,0.2029,1.3851,-4.0508,0.0969,1.7788,-0.0253,1.3991,-5.5398,-3.4169,2.5597,0.9658,-3.1277,1.0055,-2.6012,2.9330000000000003,2.0381,1.3272,2.8004,-2.9688,-4.2227,1.0753,1.7666,2.0222,Basal
76,-0.0901,-1.0004,-1.1124,1.4601,-1.4258,0.7442,-1.1551,-0.7049,-0.5497,-1.1152,-1.3943,-2.9134,-1.35,-1.4201,0.7978,0.0785,0.9989,0.9746,-1.135,0.8862,1.6243,-0.8377,0.5424,-0.6051,-0.6884,-0.7318,-0.3668,-0.0478,-0.4133,3.9238,-0.3268,-0.509,0.4517,-0.1873,3.1218,0.9278,-1.5283,0.466,5.5123,-1.9029,8.4792,-0.1059,-2.2432,-0.6518,-0.4424,2.5919,-1.064,-0.421,-1.6969999999999998,-1.1588,LumA
77,-0.6265,-2.0968,2.8469,2.3863,-6.0755,-1.1274,1.1391,-2.169,-2.8587,-5.6556,-4.0841,-0.0045,-3.4644,-5.2385,1.1787,1.1236,1.3815,-4.3049,-4.3588,4.2682,0.0841,-0.4428,-1.7741,-1.3216,-5.2177,-4.1735,12.8066,3.1023,2.151,3.5005,0.0801,-4.4997,-1.0408,-4.1689,0.1061,5.632000000000001,-6.7124,-3.618,7.4081,-5.8655,7.275,-1.0057,-3.8398,-4.9763,-0.0201,1.4689,4.0271,-1.8948,-5.9459,-2.9895,LumA
78,1.8015,0.2553,1.18,-1.9331,1.6353,0.4964,1.7596,2.2513,3.1265,0.5913,1.5211,2.8538,1.298,1.2359,-2.1173,0.7264,-1.2568,-6.9156,0.8199,0.7953,-10.2059,3.9865,-3.1778,-1.5203,2.4403,1.2168,6.2597,6.5488,5.2631,-4.4483,-0.3551,1.2924,0.2853,-0.0362,-7.297999999999999,-0.8544,2.4677,1.1552,-2.9868,1.0145,-4.8349,2.1739,2.3261,0.8576,-0.2106,-2.4649,-5.2084,1.0537,2.2707,1.7786,Basal
79,-0.3837,-1.1276,-0.1715,1.2641,-2.6896,0.5515,-1.0817,-0.7408,-1.1997,-1.4443,-1.6203,2.6961,-0.1298,-0.6829999999999999,0.6779999999999999,1.0938,6.9645,-4.3277,-2.3381,4.5357,-0.0681,-0.2481,1.7042,10.067,-0.9709,-0.7214,-0.2912,1.609,1.3259,-4.8625,-0.3724,-0.8924,-0.6745,-0.7417,-0.0256,3.1864,-2.1282,-1.2772,0.8106,-1.6816,3.7997,1.0169,-1.0033,-2.3173,-0.5746,-0.0012,4.2865,-1.8977,-1.168,-0.3131,LumA
80,1.5462,2.5139,-0.1446,-0.4671,1.7102,-1.2332,1.1734,4.1691,1.9107,1.0778,1.5406,1.1806,1.9762,2.3244,-2.3635,1.4327,-1.1076,-6.2942,1.0337,-3.8174,-9.1151,5.0529,-3.6351,0.4524,2.7168,2.1293,-0.2366,6.0231,5.1124,-3.0732,0.1025,2.8987,-0.6112,3.1183,-4.6526,0.9979,2.4046,2.0363,-4.1117,1.1787,-3.9349,1.9886,1.7801,2.6566,5.446000000000001,-2.3177,-2.4678,2.1053,2.6191,2.1418,Basal
81,0.0036,-0.6275,2.5781,2.129,-0.8102,0.0446,-0.4812,-1.6136,-2.9756,-0.1103,-0.1282,-4.3595,-0.5625,-0.2284,-0.0452,-3.4908,-3.1193,2.1647,-0.2848,-5.6841,1.9604,-1.9302,0.4104,-0.9377,-2.9559,0.0072,-1.4561,-1.0592,-2.2278,-0.2739999999999999,-0.0343,-1.6325,2.9484,-0.0591,0.6841,-0.805,-2.2113,1.1218,-1.693,-0.8698,6.2894,0.3676,0.0295,-0.0338,-2.6796,4.4274,1.06,-0.359,-0.9894,0.9585,LumA
82,0.3457,-1.9245,0.6876,2.2623,-2.3532,-0.4156,-2.4455,-1.5191,-4.4848,-0.9325,-2.8572,-1.0813,-0.599,-2.6826,1.1417,-1.945,0.6698,1.6261,-1.041,-1.4965,-1.2174,-0.6728,1.7011,-1.0996,-3.6436,-1.5608,8.5738,-2.8385,-2.174,2.1836,1.7038,-2.5032,0.1148,-3.294,1.5807,-0.0166,-3.6099,0.3414,1.3954,-2.0199,6.4725,-1.8397,-2.4418,-2.5521,-0.6321,6.353,2.1553,-1.9269,-3.2767,-1.9091,LumA
83,0.5566,0.0541,1.0253,1.5671,1.3668,1.6402,-0.2376,-0.774,-1.7955,1.3519,-0.3157,0.1803,-0.4308,-0.0207,-0.3861,-5.1797,2.0448,0.9653,0.4976,2.7809,-0.2452,-2.2705,2.3431,-0.5061,-1.5041,-0.703,-5.8165,-4.6952,-5.6568,-0.2773,0.305,-0.2741,-0.4363,-0.6324,-0.2862,-0.7440000000000001,0.7881,-0.2022,4.3178,0.1732,5.2208,-0.4684,-0.6559,-0.1192,-3.2063,3.8731,4.0993,-0.9306,-0.0167,-0.3944,LumA
84,-0.3686,-0.3038,-2.6117,-0.606,-1.8387,-0.7807,0.447,-0.0182,1.6677,-0.7796,-0.6841,0.6793,-0.0695,-0.3421,1.9764,-0.3264,-1.1495,-3.2056,-0.2995,3.297,-0.7345,-1.6728,0.9074,-2.1945,0.7332,0.1791,-3.0321,-5.2499,-2.8576,1.8418,0.0735,-0.0129,-0.3513,0.561,0.1635,2.0066,-0.5198,-0.4461,0.7034,-0.476,5.1444,-2.8584,-0.853,-1.1139,0.1547,-1.5029,-1.1695,-0.3981,-0.4752,-1.0854,LumA
85,-1.2716,1.3239,3.7692,-0.18,0.2532,1.5107,-0.284,0.6173,-0.9331,7.7014,0.5945,-2.6804,0.8375,-0.2257,-0.0116,-0.6292,9.5244,2.1329,-0.0042,-4.2605,1.1953,-0.0211,1.0181,12.9104,-1.094,-1.2793,-3.7559,-4.7522,-4.6686,-1.8583,-0.8438,0.6504,0.0874,1.3701,0.9456,-0.5372,-0.3597,-0.2044,-0.0606,-1.4633,1.4201,-3.1419,1.2848,0.3679,0.6072,5.2367,-0.1324,-1.5069,-0.53,-1.0148,LumB
86,2.5431,2.3925,1.0268,0.3165,1.2408,-0.7141,1.261,3.0442,2.7252,0.5212,3.1182,3.2922,2.6171,1.2948,-3.2323,0.4633,-3.0339,-6.4548,1.8199,-0.3173,-4.1175,5.6073,-4.1632,0.1693,1.5577,1.348,0.5295,0.6114,0.8661,-7.6385,-0.1525,3.1234,0.98,1.8076,-7.1770000000000005,-2.3838,3.6625,1.3689,-3.4748,-0.8566,-4.4510000000000005,2.6946,2.7475,2.3906,6.4139,-3.6403,-4.9291,1.5828,2.5765,2.0446,Basal
87,-0.4407,2.1178,-0.7855,-0.1167,1.4519,-0.8742,-0.7657,1.3136,0.4032,2.6268,2.1034,-0.1339,2.7973,2.2166,2.6362,-0.2151,0.98,2.4889,1.4586,0.6337,-0.3043,1.4546,0.6335,3.8504,0.7573,1.3197,6.8486,0.943,1.9385,1.0637,0.4957,1.8052,4.0884,1.545,-0.3429999999999999,1.0376,2.7313,-1.4841,2.2797,-0.2832,-1.9706,0.6963,1.6248,1.7457,1.5824,5.1998,-5.0991,-0.3122,1.4293,1.4136,LumB
88,0.5152,0.9226,0.7078,0.2123,0.3567,0.14,1.0788,1.75,0.987,-0.8183,1.6292,-2.7285,1.1642,1.3912,0.3779,-0.8504,-2.3912,0.3321,1.9358,2.4291,3.7072,-0.4415,0.1577,-2.5222,0.2714,0.4365,-2.523,-2.4793,-2.6517,1.8716,-0.1669,1.6277,0.2897,1.715,1.5076,1.8369,1.2864,-0.1556,4.1776,1.7354,6.7246,-1.4828,0.929,0.9459,-1.5434,-1.3961,-1.288,1.1364,1.2916,1.6645,LumB
89,0.3655,1.0252,-1.425,0.7294,0.4985,2.7968,1.6091,1.3077,2.03,0.52,2.5924,-1.5059,0.7062,1.0909,-1.6554,-7.2873,-0.2126,1.4514,0.3991,-4.2924,0.5361,-3.1273,0.6186,-1.2746,1.5478,1.5124,-10.799,-8.7553,-6.18205,-0.5856,1.6635,-1.4744,0.6219,0.5176,0.4998,-1.6785,-1.5271,-0.7713,5.0811,-0.2347,8.3627,0.7505,1.5224,0.6226,-7.4613,2.0927,3.3785,0.5937,0.7207,2.9603,LumB
90,0.3633,-2.2033,0.9752,3.7334,-2.6552,0.5321,-0.8533,-3.3016,-2.2068,-3.3975,-1.4997,-0.8746,-2.1425,-2.3083,-1.4605,1.4547,-0.2613,3.8226,-3.2329,-5.3976,3.7641,1.6747,1.039,-0.6016,-3.0539,-1.813,4.2898,3.6642,5.0536,3.1237,0.8886,-2.9592,0.9845,-1.5187,2.0836,-1.1964,-3.8802,0.6436,8.4233,-3.2002,9.4582,-0.836,-1.8243,-1.8862,5.3486,3.3811,-2.3343,-2.3361,-2.1573,-0.9277,LumA
91,0.8042,1.6461,-1.1741,-2.6076,2.1894,0.5289,0.4555,0.1787,0.5961,-0.5546,1.0331,-3.7912,0.9401,1.2301,-1.3143,-2.8183,6.5424,-8.8102,1.4267,3.03,1.3327,-1.402,1.2125,9.4596,0.8448,0.1705,6.9584,-3.3261,-4.3345,-5.6051,0.514,0.2203,-1.1082,1.3197,-0.8476,0.9201,0.3311,-4.6786,-1.8897,1.1227,-5.3172,2.0768,-0.0206,1.8261,-4.0542,-0.7832,3.7666,0.4955,1.129,1.4116,Her2
92,0.2195,-0.7827,-0.2044,1.796,-1.7762,-0.9632,-0.4439,-0.8105,-0.888,1.3816,0.6006,-1.2867,1.6883,0.1497,-0.9387,-0.5626,0.1784,1.4653,-0.6486,-2.1421,0.255,-0.9562,1.2563,-1.0662,-0.72925,0.2813,-1.0289,-1.8123,-3.4794,2.4271,0.8428,0.2398,-0.4137,-0.0854,-0.0645,0.1228,-1.5463,-0.0046,4.6414,-2.6258,4.7948,-4.5336,-0.9557,-1.2478,1.6304,2.2836,-0.0179,1.888,-0.7221,-0.4571,LumA
93,0.0192,-1.9541,7.1242,3.0366,-2.1748,-0.0291,-1.3626,-2.31,-2.5518,-2.3335,-2.0952,-9.6314,-2.0219,-1.7937,-0.8681,-6.4262,-0.3559,2.7603,-3.256,-7.0037,2.7387,-4.3788,0.1583,-1.0417,-2.3114,-1.0471,-8.8101,-9.5829,-9.8926,2.3771,0.95,-2.2901,2.3644,-1.4769,2.5806,-2.2729,-5.5481,1.8316,1.4656,-0.4829,9.5071,-1.5228,-1.4732,-1.4736,-5.9026,1.5088,-5.1026,-1.1746,-2.4542,-1.2486,LumA
94,-1.1249,-0.5325,0.6085,-2.5691,-2.4527,-1.4463,-1.4517,-0.7088,-2.5,-1.8417,-2.5915,-1.5572,-1.755,-1.6321,-1.6858,-1.2087,1.1551,-2.5877,-1.9071,1.0723,1.7396,0.33,1.1879,4.3405,-1.8081,-2.1204,8.7947,9.2948,1.5336,-2.6301,-1.0926,-0.9776,1.1813,-1.1602,0.4153,3.6628,-2.9675,-1.7514,-0.3657,0.9055,-1.2697,0.3447,-1.6294,-0.469,0.0606,-1.994,4.5447,0.3318,-2.1984,-1.6723,LumA
95,0.2463,-5.3785,0.9689,1.3775,-10.1713,-0.1014,-5.7318,-1.6656,-9.4085,-6.5566,-7.07,-0.0329,-5.7878,-7.7737,-1.4776,1.7793,1.2009999999999998,-1.8894,-6.8747,0.6309,0.0701,0.6926,0.1649,0.1951,-8.9311,-4.1208,1.8603,2.2615,2.4888,1.5177,-0.2195,-9.0235,-0.1428,-8.3117,2.8662,1.5082,-12.1757,-0.9662,3.8562,-9.0021,1.5827,-0.4661,-7.2925,-11.5183,2.8955,-0.8538,3.4139,-2.2944,-10.2685,-4.3253,LumA
96,1.0193,-0.1514,1.8934,-3.6653,1.6012,-1.0312,1.4375,4.2792,2.4564,-0.2232,2.0992,3.4563,1.0586,2.0939,-3.184,0.0929,-1.1179,-7.2342,1.5519,-0.69,-6.2864,4.1168,-1.8296,0.8748,1.5535,1.4124,3.8636,6.035,2.3962,-3.1751,-0.5495,1.8273,1.0594,0.9385,-7.8863,-1.2165,2.1963,2.5506,-3.2187,0.9026,-5.2893,1.7029,2.5291,1.2878,3.8066,-2.1436,-2.3107,0.7187,2.6473,1.6214,Basal
97,0.3482,-4.6291,0.6838,1.8598,-4.7365,-1.297,-3.1477,-2.1224,-4.5681,-4.306,-3.6328,1.1283,-4.3208,-3.9604,-2.9972,4.8139,-0.6008,-0.5953,-5.7532,3.6164,-1.6183,3.1163,0.0019,-1.3381,-4.0356,-4.3618,4.1122,1.8996,5.8403,-0.1273,-0.5934,-4.159,-0.2548,-3.0363,-1.084,-4.6514,-4.8152,1.28,0.6797,-4.6964,5.9401,0.2451,-3.2852,-3.6049,8.9048,0.0854,1.917,-2.694,-4.3794,-3.7909,LumA
98,-0.875,-0.4811,-1.2662,0.7261,-1.908,-1.3547,-1.4181,-2.7074,-1.6647,-1.5312,-1.6423,0.1148,-1.0628,-1.3101,-0.8398,-0.9943,1.3487,1.898,-1.981,4.7887,0.0465,-0.5832,-0.0087,0.5091,-2.7325,-2.0695,9.8595,-5.1741,-7.7167,2.3055,-0.0112,-1.9581,-0.6851,-1.1659,0.9697,1.3145,-2.2728,-1.3589,2.615,-0.2613,7.2883,-3.8387,-2.8762,-1.911,-2.1072,0.5842,4.3045,-1.6677,-2.4362,-1.7774,LumA
99,0.0712,-1.185,0.3992,0.1573,0.4467,0.4001,-0.2632,-0.1641,0.2846,2.3421,-0.1512,0.3848,-1.2865,-0.7041,0.4654,-4.4448,3.2911,1.6639,-0.5422,2.565,-0.6781,-2.0867,-0.9368,4.9178,0.1851,-0.1093,4.2405,-2.7881,-3.6157,-1.3001,-1.2234,-0.1018,0.1935,-0.4516,1.6956,-0.081,1.1659,-0.8304,-0.4319,0.4711,-3.934,-1.3295,-0.1099,-0.1818,-6.5061,-1.2984,-1.2323,0.4035,0.4945,-0.1207,LumB
100,-0.3102,-5.8861,2.9331,1.314,-5.144,-0.103,-2.9225,-3.4947,-5.1512,0.66,-4.6478,-4.5047,-3.9683,-3.8531,2.0015,-0.2198,-0.5449,4.7127,-2.9765,-5.904,2.6034,-0.5105,1.3945,-2.6457,-4.1347,-3.8808,-6.3146,-7.1759,-5.7092,4.0093,-0.6008,-3.8489,-1.1979000000000002,-4.2335,4.4734,0.7533,-5.4776,-3.8476,7.0403,-4.0871,9.8371,-0.9596,-3.9684,-3.917,0.3585,0.625,1.9299,-1.7881,-6.0228,-1.8057,LumA
101,-0.099,0.1907,1.604,-1.481,-0.0992,0.5104,0.2207,1.6779,-0.8417,0.8867,1.0193,0.3071,0.0719,-0.3509,1.2346,-3.3154,3.173,3.361,1.5045,6.5387,0.4806,-1.0124,2.1233,6.1781,0.017,-0.6208,0.2858,0.0683,0.016,-1.6143,0.6274,-0.0079,-0.5255,-0.3762,4.0008,1.6303,0.5175,-3.3206,6.0855,0.8505,-0.8283,-1.2691,-0.3324,-0.1146,0.0162,0.3431,1.5424,0.0178,-0.1081,1.8301,LumA
102,-1.121,2.0024,1.1423,-4.2558,0.4514,0.9136,0.5006,2.2942,1.1249,0.0396,-0.804,1.0786,-0.5645,-0.0139999999999999,-2.8288,5.0198,-0.033,-9.1692,0.6625,-0.7813,0.1616,0.1725,-0.7442,-2.1852,0.2303,-0.8137,7.3436,7.7627,3.6774,-3.4624,-1.2207,-0.0937,0.1149,-0.1287,0.4545,2.1111,1.5424,-0.11,-1.1909,0.1282,-4.8269,-0.3509,-0.4282,2.3186,0.0542,-1.9634,3.6456,-0.7761,0.5623,-1.2526,Her2
103,0.4291,0.8811,0.7784,-0.11,1.2932,1.0451,1.7809,-1.2274,0.7539,1.2087,1.7082,1.338,0.857,0.1916,-0.833,-3.7971,-0.4115,1.6285,0.8078,-2.6564,-0.4366,-1.8304,-0.3813,0.1074,0.0806,0.6388,-5.2706,-5.8998,-6.7073,2.3421,-0.8118,1.0531,0.1235,0.6668,0.4611,-0.9297,1.7652,-3.2982,4.5786,2.8802,4.5695,1.0469,0.4737,-0.153,-3.5892,3.0704,0.6677,0.4285,2.3093,1.8881,LumB
104,2.23,2.8154,-0.6333,-2.2589,0.5596,-2.0732,0.7918,1.3408,3.0449,0.5327,0.2685,3.068,0.1381,-0.2283,-0.3211,6.1192,-0.0137,-11.2653,2.4768,-1.8594,-11.9388,7.4377,-2.6789,-0.7211,1.3255,2.2333,9.2828,9.7178,7.3339,-5.3101,0.07,0.8094,2.7226,-0.4269,-12.2705,-1.9053,1.5765,1.1266,-5.5683,1.3889,-2.3984,1.6833,0.5249,0.0565,8.0336,-1.1068,-3.6466,3.7211,1.8255,0.8996,Basal
105,-0.6518,-0.5312,1.6742,1.7829,-2.1642,0.4226,-1.1166,-0.5779,0.2374,-1.753,-0.5422,-1.7661,-0.8676,0.1861,-0.6997,-0.2635,-1.6402,-0.163,-0.4873,-1.5793,1.4581,-0.8909,1.4879,-2.1812,-0.7701,-0.4142,-1.2257,0.625,0.8933,1.7887,-0.2582,0.4537,0.2127,-0.0469,-0.4588,3.3025,-1.4528,-1.421,6.3919,1.5407,7.9033,1.2957,-1.8794,0.526,-0.0045,3.7744,0.7138,-0.1368,-1.641,-1.1697,LumA
106,2.7717,-0.2775,-2.7808,0.6859999999999999,0.3718,2.6447,-1.0147,-0.0341,0.57,0.4299,-0.4846,-1.1202,-1.0588,-1.0198,1.4477,1.8439,0.5882,1.2409,-0.3039,0.4638,-0.4301,-0.077,0.5929,3.6015,-0.0797,-1.1608,7.8784,2.1494,1.0856,2.0442,-0.0121,-0.9683,-0.1863,0.2967,0.3011,0.8928,1.4687,-0.6035,0.7865,-1.2814,2.507,2.8038,-0.6605,1.3733,-0.4716,1.0453,-0.4906,-1.6434,0.2217,-0.8484,LumA
107,0.6613,-3.1487,-2.1182,0.4276,-2.5724,-0.4894,-2.3082,-1.6834,-2.3603,-0.3648,-1.5677,1.1838,-1.6956,-0.5839,0.0299,1.198,1.5975,-0.9047,-2.1869,1.5342,-1.3288,0.4743,2.0768,0.9725,-1.5708,-2.7893,10.3443,10.8491,1.9543,-0.286,-0.0627,-2.6756,-0.3934,-1.1755,-1.9105,2.889,-1.7635,-0.8735,-2.6794,-1.2016,0.4066,0.7687,-1.951,-3.4368,1.8873,-3.1505,0.0274,-2.2789,-1.84,-1.8914,LumA
108,-1.4394,0.3759,2.5634,-1.4057,1.1095,0.6959,0.212,-1.5856,1.1844,-0.8891,0.2729,0.2677,0.6263,0.1231,-0.5198,-1.1477,0.1336,-0.2226,-0.3889,0.1038,-0.6484,0.3079,0.1559,-1.0154,0.4891,0.0363,2.4415,9.592,2.2836,1.2716,0.7954,0.8395,0.6527,0.8673,-1.2725,0.7422,0.4364,-0.0683,4.6276,-1.2277,1.3078,-1.5152,0.5508,0.1792,0.6629999999999999,-0.8256,-0.7614,-1.0824,1.248,1.1646,LumA
109,0.7142,2.8901,-0.4697,-3.0853,2.1435,0.5393,2.1188,3.8356,1.6908,1.967,3.6791,2.5631,2.1194,3.3354,-1.0726,2.5155,-1.1292,-2.8764,2.6337,0.2784,-11.5315,4.0878,-3.2385,-1.3756,1.6255,3.1008,5.9099,3.8287,4.0929,-4.2994,-0.5593,2.147,0.6768,1.8448,-5.7999,-0.7693,2.5821,1.8412,-1.981,1.3765,-4.0826,2.4008,2.2506,0.923,4.5976,-1.6424,-4.1841,1.7449,2.7871,2.5759,Basal
110,0.1459,1.1619,4.1683,1.807,0.5347,0.5973,2.0088,-1.6322,0.8897,0.3118,1.6767,-1.9682,2.1414,0.4942,1.779,-1.6222,0.1495,2.316,1.7058,0.009,0.6189,-0.5686,1.8616,0.5915,1.3554,0.3089,-3.2863,-3.5911,-4.8129,0.5246,0.9046,0.653,0.2771,1.4865,1.3464,-1.6324,0.35,2.3138,3.7543,-0.2594,-2.134,-5.1455,0.0483,-0.8361,-0.7327,7.2605,0.0579,2.1583,1.1033,1.351,LumB
111,1.4219,3.1548,-1.197,-1.2794,0.8889,-0.2689,1.8373,2.3939,2.0922,2.229,2.7718,1.0149,2.245,3.1023,-2.5380000000000003,1.0389,1.0959,-3.2945,3.0191,0.2304,-5.4666,2.8595,-2.5284,-0.1805,2.6435,1.8009,-6.7289,-1.0306,2.2226,-5.0757,0.4661,2.4129,3.5721,1.6915,-6.5585,-2.2864,1.0896,1.8734,-3.2483,1.1656,-4.7477,0.0242,1.7389,1.9296,3.4022,0.1289,-4.68415,1.1974,1.4062,3.2308,Basal
112,3.2071,1.2313,1.0114,-2.7507,0.8054,-1.7707,0.857,1.4661,2.1507,0.5427,0.6221,3.1143,0.7784,1.0239,-2.0604,1.4629,-0.988,-8.8324,0.9071,0.6907,-10.6576,5.0674,-3.3193,-0.7639,2.1324,2.3264,6.1441,6.5025,7.6206,-5.8605,0.0671,2.4098,1.9658,2.0374,-3.5297,0.1568,1.4774,1.2102,-2.2869,0.9771,-4.1871,2.8573,1.0285,0.1905,5.561,-2.2058,-6.2327,1.6329,0.4726,0.7208,Basal
113,0.6599,-3.5138,0.2944,0.7111,-5.6848,-0.6513,-3.6704,-3.1597,-6.0416,-5.0105,-3.6328,0.2658,-2.6167,-4.2369,-1.9442,3.6456,0.0641,0.9587,-3.9428,-1.6853,-2.039,3.0828,0.079,3.5721,-4.4626,-2.3149,3.7653,2.641,5.1779,0.6175,0.1224,-4.8858,-0.5789,-2.891,0.1373,-4.4307,-5.8352,0.8524,5.0086,-5.6805,1.5452,-1.5393,-5.4252,-4.5941,6.1585,0.9913,2.0394,-2.75075,-4.9425,-2.7816,LumA
114,-1.7878,-0.325,-1.7188,0.8916,0.3778,0.696,0.5306,0.5381,-0.1107,0.2179,1.9529,-1.1954,0.921,0.1841,0.8316,-2.9081,0.0377,3.7056,-0.0493,-2.4886,1.3113,-1.08,0.9326,-0.2938,0.4292,0.1901,-11.9746,-10.1137,-7.8583,0.6644,-0.5174,0.0338,-0.085,0.5243,0.4055,4.065,1.163,1.0428,3.6694,1.9183,4.3155,-1.6357,0.3594,-0.1301,-7.1723,2.8939,-0.8243,-0.008,0.4968,1.6253,LumB
115,1.1594,1.8437,-1.1435,-2.4411,1.3091,-0.6389,0.9276,1.5031,-0.4716,0.5012,2.1976,1.198,2.1052,2.2482,-2.6054,2.8549,-2.3918,-5.4575,2.0724,-3.6282,-8.7456,5.763999999999999,-1.7754,-3.5479,0.813,1.4067,1.5754,0.9814,4.4375,-5.0739,0.2183,3.062,-2.4956,1.9974,-5.9883,-4.4567,-0.4146,0.1695,-1.6682,0.7449,-4.3013,0.3291,1.5058,2.1196,4.1878,-1.5073,-4.2797,0.4397,1.8333,1.8435,Basal
116,0.8972,0.3492,-0.8944,2.0152,0.6152,0.1253,0.7211,-1.0174,0.7585,1.569,0.7494,-1.955,1.0696,0.6554,0.5434,-3.2710000000000004,0.4313,2.124,0.023,1.3524,1.4873,-0.2909,1.8436,0.22110000000000002,0.939,1.0784,-2.5682,-2.3257,-1.7223,1.3166,0.1415,-0.0501,0.0191,1.3122,0.9603,-1.3923,-1.5605,0.9204,-0.5897,-1.2837,-3.5401,-4.4392,1.5696,-0.9754,-2.2038,1.2934,-4.4099,0.6684,0.7983,0.9928,LumB
